month,region,accounts,estimated_read_rate,smart_meter_penetration,billing_exceptions_raised,systems_serving_region
2024-10,Ashford,412000,0.142,0.3,2401,SYS-02/SYS-07
2024-10,Barrowdale,298000,0.652,0.0,7963,SYS-01/SYS-06
2024-10,Calderfield,355000,0.259,0.3,3768,SYS-02/SYS-07
2024-10,Dunmoor,221000,0.632,0.0,5722,SYS-01/SYS-06
2024-10,Eastmarch,304000,0.188,0.3,2341,SYS-02/SYS-07
2024-10,Fenwick,210000,0.242,0.3,2086,SYS-02/SYS-07
2024-11,Ashford,412000,0.211,0.322,3558,SYS-02/SYS-07
2024-11,Barrowdale,298000,0.661,0.0,8075,SYS-01/SYS-06
2024-11,Calderfield,355000,0.221,0.322,3212,SYS-02/SYS-07
2024-11,Dunmoor,221000,0.602,0.0,5454,SYS-01/SYS-06
2024-11,Eastmarch,304000,0.171,0.322,2133,SYS-02/SYS-07
2024-11,Fenwick,210000,0.24,0.322,2063,SYS-02/SYS-07
2024-12,Ashford,412000,0.183,0.344,3097,SYS-02/SYS-07
2024-12,Barrowdale,298000,0.585,0.0,7150,SYS-01/SYS-06
2024-12,Calderfield,355000,0.248,0.344,3609,SYS-02/SYS-07
2024-12,Dunmoor,221000,0.59,0.0,5347,SYS-01/SYS-06
2024-12,Eastmarch,304000,0.162,0.344,2023,SYS-02/SYS-07
2024-12,Fenwick,210000,0.232,0.344,1999,SYS-02/SYS-07
2025-01,Ashford,412000,0.215,0.366,3637,SYS-02/SYS-07
2025-01,Barrowdale,298000,0.621,0.0,7587,SYS-01/SYS-06
2025-01,Calderfield,355000,0.194,0.366,2819,SYS-02/SYS-07
2025-01,Dunmoor,221000,0.593,0.0,5371,SYS-01/SYS-06
2025-01,Eastmarch,304000,0.156,0.366,1941,SYS-02/SYS-07
2025-01,Fenwick,210000,0.292,0.366,2516,SYS-02/SYS-07
2025-02,Ashford,412000,0.209,0.388,3530,SYS-02/SYS-07
2025-02,Barrowdale,298000,0.635,0.0,7763,SYS-01/SYS-06
2025-02,Calderfield,355000,0.199,0.388,2890,SYS-02/SYS-07
2025-02,Dunmoor,221000,0.58,0.0,5257,SYS-01/SYS-06
2025-02,Eastmarch,304000,0.08,0.388,993,SYS-02/SYS-07
2025-02,Fenwick,210000,0.198,0.388,1700,SYS-02/SYS-07
2025-03,Ashford,412000,0.21,0.41,3549,SYS-02/SYS-07
2025-03,Barrowdale,298000,0.658,0.0,8039,SYS-01/SYS-06
2025-03,Calderfield,355000,0.262,0.41,3816,SYS-02/SYS-07
2025-03,Dunmoor,221000,0.568,0.0,5143,SYS-01/SYS-06
2025-03,Eastmarch,304000,0.198,0.41,2467,SYS-02/SYS-07
2025-03,Fenwick,210000,0.214,0.41,1840,SYS-02/SYS-07
2025-04,Ashford,412000,0.185,0.432,3126,SYS-02/SYS-07
2025-04,Barrowdale,298000,0.648,0.0,7916,SYS-01/SYS-06
2025-04,Calderfield,355000,0.289,0.432,4203,SYS-02/SYS-07
2025-04,Dunmoor,221000,0.599,0.0,5423,SYS-01/SYS-06
2025-04,Eastmarch,304000,0.172,0.432,2147,SYS-02/SYS-07
2025-04,Fenwick,210000,0.293,0.432,2521,SYS-02/SYS-07
2025-05,Ashford,412000,0.2,0.454,3384,SYS-02/SYS-07
2025-05,Barrowdale,298000,0.698,0.0,8523,SYS-01/SYS-06
2025-05,Calderfield,355000,0.263,0.454,3825,SYS-02/SYS-07
2025-05,Dunmoor,221000,0.576,0.0,5218,SYS-01/SYS-06
2025-05,Eastmarch,304000,0.168,0.454,2092,SYS-02/SYS-07
2025-05,Fenwick,210000,0.283,0.454,2437,SYS-02/SYS-07
2025-06,Ashford,412000,0.223,0.476,3765,SYS-02/SYS-07
2025-06,Barrowdale,298000,0.636,0.0,7765,SYS-01/SYS-06
2025-06,Calderfield,355000,0.25,0.476,3643,SYS-02/SYS-07
2025-06,Dunmoor,221000,0.633,0.0,5734,SYS-01/SYS-06
2025-06,Eastmarch,304000,0.15,0.476,1872,SYS-02/SYS-07
2025-06,Fenwick,210000,0.277,0.476,2381,SYS-02/SYS-07
2025-07,Ashford,412000,0.21,0.498,3552,SYS-02/SYS-07
2025-07,Barrowdale,298000,0.626,0.0,7649,SYS-01/SYS-06
2025-07,Calderfield,355000,0.186,0.498,2711,SYS-02/SYS-07
2025-07,Dunmoor,221000,0.595,0.0,5390,SYS-01/SYS-06
2025-07,Eastmarch,304000,0.196,0.498,2440,SYS-02/SYS-07
2025-07,Fenwick,210000,0.256,0.498,2208,SYS-02/SYS-07
2025-08,Ashford,412000,0.157,0.52,2645,SYS-02/SYS-07
2025-08,Barrowdale,298000,0.657,0.0,8033,SYS-01/SYS-06
2025-08,Calderfield,355000,0.265,0.52,3856,SYS-02/SYS-07
2025-08,Dunmoor,221000,0.568,0.0,5148,SYS-01/SYS-06
2025-08,Eastmarch,304000,0.188,0.52,2340,SYS-02/SYS-07
2025-08,Fenwick,210000,0.317,0.52,2729,SYS-02/SYS-07
2025-09,Ashford,412000,0.242,0.542,4086,SYS-02/SYS-07
2025-09,Barrowdale,298000,0.64,0.0,7816,SYS-01/SYS-06
2025-09,Calderfield,355000,0.194,0.542,2823,SYS-02/SYS-07
2025-09,Dunmoor,221000,0.56,0.0,5077,SYS-01/SYS-06
2025-09,Eastmarch,304000,0.187,0.542,2331,SYS-02/SYS-07
2025-09,Fenwick,210000,0.283,0.542,2439,SYS-02/SYS-07
2025-10,Ashford,412000,0.261,0.564,4408,SYS-02/SYS-07
2025-10,Barrowdale,298000,0.637,0.0,7788,SYS-01/SYS-06
2025-10,Calderfield,355000,0.185,0.564,2696,SYS-02/SYS-07
2025-10,Dunmoor,221000,0.598,0.0,5422,SYS-01/SYS-06
2025-10,Eastmarch,304000,0.168,0.564,2089,SYS-02/SYS-07
2025-10,Fenwick,210000,0.254,0.564,2184,SYS-02/SYS-07
2025-11,Ashford,412000,0.17,0.586,2874,SYS-02/SYS-07
2025-11,Barrowdale,298000,0.642,0.0,7847,SYS-01/SYS-06
2025-11,Calderfield,355000,0.191,0.586,2782,SYS-02/SYS-07
2025-11,Dunmoor,221000,0.585,0.0,5298,SYS-01/SYS-06
2025-11,Eastmarch,304000,0.22,0.586,2736,SYS-02/SYS-07
2025-11,Fenwick,210000,0.198,0.586,1700,SYS-02/SYS-07
2025-12,Ashford,412000,0.242,0.608,4079,SYS-02/SYS-07
2025-12,Barrowdale,298000,0.668,0.0,8160,SYS-01/SYS-06
2025-12,Calderfield,355000,0.259,0.608,3774,SYS-02/SYS-07
2025-12,Dunmoor,221000,0.591,0.0,5352,SYS-01/SYS-06
2025-12,Eastmarch,304000,0.145,0.608,1812,SYS-02/SYS-07
2025-12,Fenwick,210000,0.279,0.608,2402,SYS-02/SYS-07
2026-01,Ashford,412000,0.166,0.63,2798,SYS-02/SYS-07
2026-01,Barrowdale,298000,0.673,0.0,8228,SYS-01/SYS-06
2026-01,Calderfield,355000,0.248,0.63,3612,SYS-02/SYS-07
2026-01,Dunmoor,221000,0.577,0.0,5225,SYS-01/SYS-06
2026-01,Eastmarch,304000,0.194,0.63,2412,SYS-02/SYS-07
2026-01,Fenwick,210000,0.236,0.63,2027,SYS-02/SYS-07
2026-02,Ashford,412000,0.232,0.652,3913,SYS-02/SYS-07
2026-02,Barrowdale,298000,0.694,0.0,8476,SYS-01/SYS-06
2026-02,Calderfield,355000,0.237,0.652,3442,SYS-02/SYS-07
2026-02,Dunmoor,221000,0.626,0.0,5674,SYS-01/SYS-06
2026-02,Eastmarch,304000,0.115,0.652,1439,SYS-02/SYS-07
2026-02,Fenwick,210000,0.294,0.652,2530,SYS-02/SYS-07
2026-03,Ashford,412000,0.246,0.674,4161,SYS-02/SYS-07
2026-03,Barrowdale,298000,0.638,0.0,7790,SYS-01/SYS-06
2026-03,Calderfield,355000,0.311,0.674,4531,SYS-02/SYS-07
2026-03,Dunmoor,221000,0.578,0.0,5235,SYS-01/SYS-06
2026-03,Eastmarch,304000,0.119,0.674,1482,SYS-02/SYS-07
2026-03,Fenwick,210000,0.219,0.674,1884,SYS-02/SYS-07
2026-04,Ashford,412000,0.227,0.696,3841,SYS-02/SYS-07
2026-04,Barrowdale,298000,0.631,0.0,7708,SYS-01/SYS-06
2026-04,Calderfield,355000,0.245,0.696,3562,SYS-02/SYS-07
2026-04,Dunmoor,221000,0.585,0.0,5301,SYS-01/SYS-06
2026-04,Eastmarch,304000,0.135,0.696,1679,SYS-02/SYS-07
2026-04,Fenwick,210000,0.28,0.696,2413,SYS-02/SYS-07
2026-05,Ashford,412000,0.136,0.718,2291,SYS-02/SYS-07
2026-05,Barrowdale,298000,0.634,0.0,7741,SYS-01/SYS-06
2026-05,Calderfield,355000,0.226,0.718,3284,SYS-02/SYS-07
2026-05,Dunmoor,221000,0.589,0.0,5337,SYS-01/SYS-06
2026-05,Eastmarch,304000,0.161,0.718,2006,SYS-02/SYS-07
2026-05,Fenwick,210000,0.258,0.718,2223,SYS-02/SYS-07
2026-06,Ashford,412000,0.25,0.74,4220,SYS-02/SYS-07
2026-06,Barrowdale,298000,0.626,0.0,7654,SYS-01/SYS-06
2026-06,Calderfield,355000,0.274,0.74,3988,SYS-02/SYS-07
2026-06,Dunmoor,221000,0.578,0.0,5237,SYS-01/SYS-06
2026-06,Eastmarch,304000,0.182,0.74,2270,SYS-02/SYS-07
2026-06,Fenwick,210000,0.271,0.74,2330,SYS-02/SYS-07
2026-07,Ashford,412000,0.211,0.762,3557,SYS-02/SYS-07
2026-07,Barrowdale,298000,0.578,0.0,7063,SYS-01/SYS-06
2026-07,Calderfield,355000,0.219,0.762,3182,SYS-02/SYS-07
2026-07,Dunmoor,221000,0.586,0.0,5305,SYS-01/SYS-06
2026-07,Eastmarch,304000,0.137,0.762,1710,SYS-02/SYS-07
2026-07,Fenwick,210000,0.233,0.762,2007,SYS-02/SYS-07
2026-08,Ashford,412000,0.163,0.784,2758,SYS-02/SYS-07
2026-08,Barrowdale,298000,0.664,0.0,8113,SYS-01/SYS-06
2026-08,Calderfield,355000,0.193,0.784,2813,SYS-02/SYS-07
2026-08,Dunmoor,221000,0.576,0.0,5219,SYS-01/SYS-06
2026-08,Eastmarch,304000,0.146,0.784,1817,SYS-02/SYS-07
2026-08,Fenwick,210000,0.255,0.784,2192,SYS-02/SYS-07
2026-09,Ashford,412000,0.227,0.806,3826,SYS-02/SYS-07
2026-09,Barrowdale,298000,0.586,0.0,7164,SYS-01/SYS-06
2026-09,Calderfield,355000,0.243,0.806,3531,SYS-02/SYS-07
2026-09,Dunmoor,221000,0.548,0.0,4965,SYS-01/SYS-06
2026-09,Eastmarch,304000,0.126,0.806,1565,SYS-02/SYS-07
2026-09,Fenwick,210000,0.278,0.806,2390,SYS-02/SYS-07
