month,complaints_opened,complaints_closed,avg_days_to_close,first_contact_resolution_rate,inbound_calls,cost_to_serve_per_account,regulator_satisfaction_score_of_5
2024-10,912,476,9.1,0.62,38925,19.32,4.3
2024-11,830,760,16.5,0.611,41882,18.68,4.22
2024-12,951,873,18.4,0.602,41827,17.59,4.15
2025-01,985,927,19.5,0.593,42185,18.54,4.08
2025-02,851,840,20.1,0.584,47539,19.21,4.0
2025-03,901,901,21.4,0.575,45254,19.53,3.92
2025-04,1023,952,22.0,0.566,44533,19.86,3.85
2025-05,1004,942,23.2,0.557,45261,19.67,3.77
2025-06,982,965,23.1,0.548,45995,20.68,3.7
2025-07,1222,1062,24.9,0.539,45068,20.89,3.62
2025-08,1026,1089,26.6,0.53,51278,20.14,3.55
2025-09,1020,1000,28.6,0.521,50278,20.71,3.47
2025-10,1189,1029,27.6,0.512,52097,20.74,3.4
2025-11,940,1067,29.8,0.503,50278,21.29,3.32
2025-12,1120,1019,29.6,0.494,51380,21.63,3.25
2026-01,1177,1025,31.0,0.485,50012,21.68,3.17
2026-02,1002,1000,33.6,0.476,49721,21.85,3.1
2026-03,1104,1091,33.4,0.467,49012,21.7,3.02
2026-04,1186,999,34.5,0.458,52449,22.66,2.95
2026-05,1190,1058,36.7,0.449,53811,23.38,2.88
2026-06,1214,1135,38.6,0.44,54300,21.89,2.8
2026-07,1347,1223,40.2,0.431,55118,23.3,2.72
2026-08,1189,1195,41.6,0.422,52900,23.68,2.65
2026-09,1139,1118,43.8,0.413,55830,22.61,2.58
